{
    "root_group": {
        "name": "",
        "path": "",
        "id": "d41d8cd98f00b204e9800998ecf8427e",
        "groups": {},
        "checks": {
                "status is 200": {
                    "passes": 215026,
                    "fails": 0,
                    "name": "status is 200",
                    "path": "::status is 200",
                    "id": "6210a8cd14cd70477eba5c5e4cb3fb5f"
                }
            }
    },
    "metrics": {
        "http_req_failed": {
            "passes": 0,
            "fails": 215026,
            "thresholds": {
                "rate<0.05": false
            },
            "value": 0
        },
        "http_req_connecting": {
            "p(95)": 0.1407595,
            "max": 7216.852371,
            "avg": 32.323211435538035,
            "min": 0,
            "med": 0,
            "p(90)": 0
        },
        "http_req_waiting": {
            "p(95)": 11447.112632249999,
            "max": 33271.496192,
            "avg": 2088.190852042979,
            "min": 0.701752,
            "med": 208.06398000000002,
            "p(90)": 8923.344495
        },
        "http_reqs": {
            "count": 215026,
            "rate": 3869.0020387875793
        },
        "http_req_blocked": {
            "avg": 32.33424451663527,
            "min": 0.000775,
            "med": 0.001926,
            "p(90)": 0.0109745,
            "p(95)": 0.21372875,
            "max": 7216.897444
        },
        "checks": {
            "passes": 215026,
            "fails": 0,
            "thresholds": {
                "rate>0.95": false
            },
            "value": 1
        },
        "vus_max": {
            "value": 20000,
            "min": 15740,
            "max": 20000
        },
        "http_req_duration{expected_response:true}": {
            "min": 0.732344,
            "med": 220.645503,
            "p(90)": 9005.623157,
            "p(95)": 11627.17468275,
            "max": 33319.712918,
            "avg": 2137.4099800280856
        },
        "http_req_receiving": {
            "p(95)": 362.07226775000004,
            "max": 12418.08553,
            "avg": 49.191761043631686,
            "min": 0.011104,
            "med": 0.04286,
            "p(90)": 101.9730885
        },
        "vus": {
            "value": 3681,
            "min": 0,
            "max": 19820
        },
        "http_req_duration": {
            "avg": 2137.4099800280856,
            "min": 0.732344,
            "med": 220.645503,
            "p(90)": 9005.623157,
            "p(95)": 11627.17468275,
            "max": 33319.712918,
            "thresholds": {
                "p(95)<2000": true
            }
        },
        "data_received": {
            "count": 1441319278,
            "rate": 25933920.665993143
        },
        "iterations": {
            "count": 215026,
            "rate": 3869.0020387875793
        },
        "http_req_tls_handshaking": {
            "avg": 0,
            "min": 0,
            "med": 0,
            "p(90)": 0,
            "p(95)": 0,
            "max": 0
        },
        "http_req_sending": {
            "avg": 0.027366941523350664,
            "min": 0.002386,
            "med": 0.006113,
            "p(90)": 0.021899000000000002,
            "p(95)": 0.03952225,
            "max": 109.447181
        },
        "data_sent": {
            "count": 18922288,
            "rate": 340472.17941330693
        },
        "iteration_duration": {
            "p(90)": 9006.8993465,
            "p(95)": 11627.961544,
            "max": 33319.768722,
            "avg": 2169.835470631705,
            "min": 0.774197,
            "med": 222.504391
        }
    }
}
